"title","identifier","content",is_active
"WeltPixel Footer Container","weltpixel_footer_container","{{block class=\"Magento\\Cms\\Block\\Block\" block_id=\"weltpixel_pre-footer\"}}{{block class=\"Magento\\Cms\\Block\\Block\" block_id=\"weltpixel_footer_v1\"}}
{{block class=\"Magento\\Cms\\Block\\Block\" block_id=\"weltpixel_footer_v2\"}}
",1
"WeltPixel Pre-Footer","weltpixel_pre-footer","
<div class=\"pre-footer hidden-xs\">
<div class=\"pre-footer-content\">
<div class=\"col-sm-3 col-xs-6\">
<i class=\"footer-icon icon-line-clock\"></i>
<p class=\"pre-footer-subtitle\">Fast & Free</p>
<p class=\"pre-footer-title\">Delivery</p>
</div>

<div class=\"col-sm-3 col-xs-6\">
<i class=\"footer-icon icon-line-clock\"></i>
<p class=\"pre-footer-subtitle\">24/7 Support</p>
<p class=\"pre-footer-title\">1-800-000-0000</p>
</div>

<div class=\"col-sm-3 col-xs-6\">
<i class=\"footer-icon icon-tags\"></i>
<p class=\"pre-footer-subtitle\">Best Price</p>
<p class=\"pre-footer-title\">Guaranteed</p>
</div>

<div class=\"col-sm-3 col-xs-6\">
<i class=\"footer-icon icon-reply-all\"></i>
<p class=\"pre-footer-subtitle\">30 Days</p>
<p class=\"pre-footer-title\">Return Policy</p>
</div>
</div>
</div>",1
"WeltPixel Footer V1","weltpixel_footer_v1","
<div class=\"footer-v1\">
   <div class=\"footer-v1-content row\">
      <div class=\"col-sm-3 col-xs-12 nopaddingleft\">
     		<h4 class=\"mini-logo\"><img alt=\"Logo\" src=\"{{media url=\"wysiwyg/pearl_theme/pearl_logo.png\"}}\" style=\"width:100px\"></h4>
            <p>New York, NY, 00841</p>
	         <p>1-800-000-0000</p>
	         <p> support@weltpixel.com</p>
      </div>
      <div class=\"col-sm-3 col-xs-12 nopaddingleft\">
         <p class=\"footer-title\">Pearl Theme</p>
         <ul class=\"footer links\">
            <li class=\"nav item\"><a href=\"{{store url=\"#\"}}\">Buy Pearl Theme</a></li>
            <li class=\"nav item\"><a href=\"{{store url=\"#\"}}\">User Guide</a></li>
            <li class=\"nav item\"><a href=\"{{store url=\"#\"}}\">Sign In</a></li>
            <li class=\"nav item\"><a href=\"{{store url=\"#\"}}\" data-action=\"advanced-search\">Create Account</a></li>
         </ul>
      </div>
      <div class=\"col-sm-3 col-xs-12 nopaddingleft\">
         <p class=\"footer-title\">Help</p>
         <ul class=\"footer links\">
            <li class=\"nav item\"><a href=\"{{store url=\"#\"}}\">Help Center</a></li>
            <li class=\"nav item\"><a href=\"{{store url=\"#\"}}\">Contact Us</a></li>
            <li class=\"nav item\"><a href=\"{{store url=\"#\"}}\">Privacy and Cookie Policy</a></li>
            <li class=\"nav item\"><a href=\"{{store url=\"#\"}}\" data-action=\"advanced-search\">Orders and Returns</a></li>
         </ul>
      </div>
      <div class=\"col-sm-3 col-xs-12 nopaddingleft\">
         <p class=\"footer-title\">Search</p>
         <ul class=\"footer links\">
            <li class=\"nav item\"><a href=\"#\">Search Terms</a></li>
            <li class=\"nav item\"><a href=\"#\">Advanced Search</a></li>
         </ul>
      </div>
      <div class=\"col-xs-12 border-v1\">
	      <div class=\"pull-left-md\">
      		<small>Let's stay in touch!</small>
	      </div>
	      <div class=\"pull-right-md social-icons-v1\">
	      		<a href=\"#\" class=\"social-icons si-borderless si-facebook\">
                    <i class=\"icon-facebook\"></i>
                    <i class=\"icon-facebook\"></i>
                </a>
                <a href=\"#\" class=\"social-icons si-borderless si-twitter\">
                    <i class=\"icon-twitter\"></i>
                    <i class=\"icon-twitter\"></i>
                </a>
                <a href=\"#\" class=\"social-icons si-borderless si-linkedin\">
                    <i class=\"icon-linkedin\"></i>
                    <i class=\"icon-linkedin\"></i>
                </a>
                <a href=\"#\" class=\"social-icons si-borderless si-instagram\">
                    <i class=\"icon-instagram\"></i>
                    <i class=\"icon-instagram\"></i>
                </a>
                 <a href=\"#\" class=\"social-icons si-borderless si-pinterest\">
                    <i class=\"icon-pinterest\"></i>
                    <i class=\"icon-pinterest\"></i>
                </a>
	      </div>
      </div>
   </div>
</div>
",0
"WeltPixel Footer V2","weltpixel_footer_v2","
<div class=\"footer-v2\">
<div class=\"center\">
<a href=\"#\" class=\"social-icons si-borderless si-facebook\">
    <i class=\"icon-facebook\"></i>
    <i class=\"icon-facebook\"></i>
</a>

<a href=\"#\" class=\"social-icons si-borderless si-twitter\">
    <i class=\"icon-twitter\"></i>
    <i class=\"icon-twitter\"></i>
</a>

<a href=\"#\" class=\"social-icons si-borderless si-youtube\">
    <i class=\"icon-youtube\"></i>
    <i class=\"icon-youtube\"></i>
</a>

<div class=\"clearfix\"></div>

<div class=\"footer-nav\">
<a href=\"\">FAQ</a>
<a href=\"\" >Privacy</a>
<a href=\"\" >Terms of Use</a>
<a href=\"\" >Contact</a></div>
</div>

<div class=\"clearfix\"></div>
<div class=\"toggle center\">
<div class=\"togglet toggleta newsletter\" style=\"text-decoration: underline;\"> Subscribe to the Newsletter</div>
<div class=\"togglec\">

<div class=\"block newsletter\">
    <div class=\"title\"><strong>Newsletter</strong></div>
    <div class=\"content\">
        <form class=\"form subscribe hp-newsletter-v1\" novalidate=\"novalidate\" action=\"{{store url=\"newsletter/subscriber/new/\"}}\" method=\"post\" data-mage-init='{\"validation\": {\"errorClass\": \"mage-error\"}}' id=\"newsletter-validate-detail\">
            <div class=\"field newsletter\">
                <div class=\"control\">
                    <input name=\"email\" type=\"email\" id=\"newsletter\" placeholder=\"Enter your email address\" data-validate=\"{required:true, 'validate-email':true}\">
                </div>
            </div>
            <div class=\"actions\">
                <button class=\"action subscribe primary\" title=\"Subscribe\" type=\"submit\">
                    <span>Subscribe</span>
                </button>
            </div>
        </form>
    </div>
</div>
</div>
</div>
</div>
",1
"Homepage Promo 1 V1","promo_1_v1","<div class=\"col-xs-12 col-sm-4\" style=\"margin-top: 180px; padding: 0 50px;\">
            <div class=\"promo\">
                <div class=\"promo-image\">
                    <a href=\"\">
                        <img src=\"{{media url=\" wysiwyg/pearl_theme/h1_b1.jpg \"}}\" alt=\"\" />
                        <div class=\"promo-overlay\"></div>
                        <div class=\"title\">Dresses</div>
                    </a>
                </div>
            </div>
        </div>

        <div class=\"col-xs-12 col-sm-4\" style=\"margin-top: 240px; padding: 0 50px;\">
            <div class=\"promo\">
                <div class=\"promo-image\">
                    <a href=\"\">
                        <img src=\"{{media url=\" wysiwyg/pearl_theme/h1_b2.jpg \"}}\" alt=\"\" />
                        <div class=\"promo-overlay\"></div>
                        <div class=\"title\">Jackets</div>
                    </a>
                </div>
            </div>
        </div>

        <div class=\"col-xs-12 col-sm-4\" style=\"margin-top: 140px; padding: 0 50px;\">
            <div class=\"promo\">
                <div class=\"promo-image\">
                    <a href=\"\">
                        <img src=\"{{media url=\" wysiwyg/pearl_theme/h1_b3.jpg \"}}\" alt=\"\" />
                        <div class=\"promo-overlay\"></div>
                        <div class=\"title\">T-shirts</div>
                    </a>
                </div>
            </div>
        </div>",1
"Homepage Promo 2 V1","promo_2_v1","<div class=\"col-xs-12 col-sm-4\" style=\"margin-top: 240px; padding: 0 50px;\">
            <div class=\"promo\">
                <div class=\"promo-image\">
                    <a href=\"\">
                        <img src=\"{{media url=\" wysiwyg/pearl_theme/h1_b4.jpg \"}}\" alt=\"\" />
                        <div class=\"promo-overlay\"></div>
                        <div class=\"title\">Dresses</div>
                    </a>
                </div>
            </div>
        </div>

        <div class=\"col-xs-12 col-sm-4\" style=\"margin-top: 140px; padding: 0 50px;\">
            <div class=\"promo\">
                <div class=\"promo-image\">
                    <a href=\"\">
                        <img src=\"{{media url=\" wysiwyg/pearl_theme/h1_b5.jpg \"}}\" alt=\"\" />
                        <div class=\"promo-overlay\"></div>
                        <div class=\"title\">Jackets</div>
                    </a>
                </div>
            </div>
        </div>

        <div class=\"col-xs-12 col-sm-4\" style=\"margin-top: 180px; padding: 0 50px;\">
            <div class=\"promo\">
                <div class=\"promo-image\">
                    <a href=\"\">
                        <img src=\"{{media url=\" wysiwyg/pearl_theme/h1_b6.jpg \"}}\" alt=\"\" />
                        <div class=\"promo-overlay\"></div>
                        <div class=\"title\">T-shirts</div>
                    </a>
                </div>
            </div>
        </div>",1
"Homepage Most Popular V1","most_popular_v1","<h2 class=\"center hp-title\"><span class=\"subtitle\">Most Popular</span>
Tops</h2> {{widget type=\"WeltPixel\\OwlCarouselSlider\\Block\\Slider\\Products\" products_type=\"new_products\"}}",1
"Homepage New Product V1","new_product_v1","<h2 class=\"center hp-title\"><span class=\"subtitle\">The hottest</span>
New Arrivals</h2> {{widget type=\"WeltPixel\\OwlCarouselSlider\\Block\\Slider\\Products\" products_type=\"new_products\"}}",1
"Homepage Parallax Slider V2","parallax_slider_v2","<section id=\"slider\" class=\"slider-parallax full-screen\">
    <div class=\"full-screen\" style=\"background: url( {{media url=\" wysiwyg/pearl_theme/b10.jpg \"}} ); background-size: cover;\">
        <div class=\"clearfix\">
            &nbsp;
        </div>
    </div>
</section>",1
"Homepage Best Categories V2","best_categories_v2","<div id=\"content\" style=\"position: relative; overflow: hidden; background: #FFF\">

    <h2 class=\"center hp-title\"><span class=\"subtitle\">A perfect fit</span>
        Best Categories</h2>

    <div class=\"row topmargin bottommargin\">
        <div class=\"col-xs-12 col-sm-4\">
            <div class=\"promo\">
                <div class=\"promo-image\">
                    <a href=\"\">
                        <img src=\"{{media url=\" wysiwyg/pearl_theme/homev2-1.jpg \"}}\" alt=\"\" />
                        <div class=\"promo-overlay\">
                            <div class=\"title\">Party jeans outfit
                                <span>A perfect fit</span>
                            </div>
                        </div>
                    </a>
                </div>
            </div>
        </div>
        <div class=\"col-xs-12 col-sm-4\">
            <div class=\"promo\">
                <div class=\"promo-image\">
                    <a href=\"\">
                        <img src=\"{{media url=\" wysiwyg/pearl_theme/homev2-2.jpg \"}}\" alt=\"\" />
                        <div class=\"promo-overlay\">
                            <div class=\"title\">Somewhere anywhere
                                <span>New season inspiration</span>
                            </div>
                        </div>
                    </a>
                </div>
            </div>
        </div>

        <div class=\"col-xs-12 col-sm-4\">
            <div class=\"promo\">
                <div class=\"promo-image\">
                    <a href=\"\">
                        <img src=\"{{media url=\" wysiwyg/pearl_theme/homev2-3.jpg \"}}\" alt=\"\" />
                        <div class=\"promo-overlay\">
                            <div class=\"title\">A capsule collection
                                <span>Untitled dress</span>
                            </div>
                        </div>
                    </a>
                </div>
            </div>
        </div>
    </div>
</div>",1
"Homepage New Arrivals V2","new_arrivals_v2","<div style=\"background:#f4f4f4; padding: 50px 0; position: relative; overflow: hidden; \">
    <div class=\"row\">
        <h2 class=\"center hp-title\"><span class=\"subtitle\">The hottest</span>
            New Arrivals</h2>

        <div class=\"col-xs-12 col-sm-4\">
            <div class=\"promo\">
                <div class=\"promo-image\">
                    <a href=\"\">
                        <img src=\"{{media url=\" wysiwyg/pearl_theme/homev2-1.1.jpg \"}}\" alt=\"\" />
                        <div class=\"promo-overlay\">
                            <div class=\"title\">Romantic layering
                                <span>New dresses</span>
                            </div>
                        </div>
                    </a>
                </div>
            </div>
        </div>

        <div class=\"col-xs-12 col-sm-8\">
            <div class=\"col-xs-12 col-sm-12\">
                <div class=\"col-xs-12 col-sm-4\">
                    <div class=\"promo\">
                        <div class=\"promo-image\">
                            <a href=\"\">
                                <img src=\"{{media url=\" wysiwyg/pearl_theme/homev2-1.2.jpg \"}}\" alt=\"\" />
                                <div class=\"promo-overlay\">
                                    <div class=\"title\">Story with remixed
                                        <span>Not only jeans</span>
                                    </div>
                                </div>
                            </a>
                        </div>
                    </div>
                </div>

                <div class=\"col-xs-12 col-sm-4\">
                    <div class=\"promo\">
                        <div class=\"promo-image\">
                            <a href=\"\">
                                <img src=\"{{media url=\" wysiwyg/pearl_theme/homev2-1.3.jpg \"}}\" alt=\"\" />
                                <div class=\"promo-overlay\">
                                    <div class=\"title\">Light before dark
                                        <span>Online exclusive</span>
                                    </div>
                                </div>
                            </a>
                        </div>
                    </div>
                </div>

                <div class=\"col-xs-12 col-sm-4\">
                    <div class=\"promo\">
                        <div class=\"promo-image\">
                            <a href=\"\">
                                <img src=\"{{media url=\" wysiwyg/pearl_theme/homev2-1.4.jpg \"}}\" alt=\"\" />
                                <div class=\"promo-overlay\">
                                    <div class=\"title\">Breeze mid-summer
                                        <span>Online exclusive</span>
                                    </div>
                                </div>
                            </a>
                        </div>
                    </div>
                </div>
            </div>

            <div class=\"col-xs-12 col-sm-12\" style=\"line-height: 50px; height:87px\">
                <h2 class=\"center hp-subtitle hidden-xs\">
                    <span class=\"subtitle\">New Collection</span>
                    <span class=\"block-span text-initial\">Re-write this season's story</span>
                    <span class=\"text-lowercase font-weight-normal\">with</span>
                    <span class=\"font-weight-normal text-lowercase\">minimal style</span>
                </h2>
            </div>
        </div>
    </div>
</div>",1
"Homepage Parralax Section V2","parralax_section_v2","<div class=\"section parallax nomargin notopborder\" style=\"background-image: url('{{media url=\" wysiwyg/pearl_theme/b11.jpg \"}}'); padding: 10% 0;\" data-stellar-background-ratio=\"0.3\">
    <div class=\"clearfix\">

        <h2 class=\"center hp-title\"><span class=\"subtitle\">The hottest</span>
New Arrivals</h2> {{block type=\"newsletter/subscribe\" name=\"left.newsletter\" template=\"newsletter/subscribe.phtml\"}}

        <div class=\"block newsletter\">
            <div class=\"title\"><strong>Newsletter</strong></div>
            <div class=\"content\">
                <form class=\"form subscribe hp-newsletter-v1\" novalidate=\"novalidate\" data-mage-init='{\"validation\": {\"errorClass\": \"mage-error\"}}' action=\"{{store url=\" newsletter/subscriber/new/ \"}}\" method=\"post\" id=\"newsletter-validate-detail\">
                    <div class=\"field newsletter\">
                        <div class=\"control\">
                            <input name=\"email\" type=\"email\" id=\"newsletter\" placeholder=\"Enter your email address\" data-validate=\"{required:true, 'validate-email':true}\">
                        </div>
                    </div>
                    <div class=\"actions\">
                        <button class=\"action subscribe primary\" title=\"Subscribe\" type=\"submit\">
                            <span>Subscribe</span>
                        </button>
                    </div>
                </form>
            </div>
        </div>

    </div>
</div>",1
"Homepage Staff Picks V2","staff_picks_v2","<div class=\"row\">
    <h2 class=\"center hp-title\"><span class=\"subtitle\">Take a look at</span>
Staff picks</h2> {{widget type=\"WeltPixel\\OwlCarouselSlider\\Block\\Slider\\Products\" products_type=\"new_products\"}}

</div>",1
"Homepage Social Section V2","social_section_v2","<div class=\"section social-container nomargin notopborder\" style=\"background-image: url('{{media url=\" wysiwyg/pearl_theme/b12.jpg \"}}'); padding: 10% 0;\">
    <div class=\"clearfix center\">

        <h2 class=\"hp-title light\"><span class=\"subtitle\">Be Social</span>
#summerfashion</h2>

        <a href=\"#\" class=\"social-icons si-rounded si-light si-large si-facebook\">
            <i class=\"icon-facebook\"></i>
            <i class=\"icon-facebook\"></i>
        </a>

        <a href=\"#\" class=\"social-icons si-rounded si-light si-large si-twitter\">
            <i class=\"icon-twitter\"></i>
            <i class=\"icon-twitter\"></i>
        </a>

        <a href=\"#\" class=\"social-icons si-rounded si-light si-large si-pinterest\">
            <i class=\"icon-pinterest\"></i>
            <i class=\"icon-pinterest\"></i>
        </a>

        <a href=\"#\" class=\"social-icons si-rounded si-light si-large si-youtube\">
            <i class=\"icon-youtube\"></i>
            <i class=\"icon-youtube\"></i>
        </a>

        <a href=\"#\" class=\"social-icons si-rounded si-light si-large si-chat\">
            <i class=\"icon-chat\"></i>
            <i class=\"icon-chat\"></i>
        </a>

    </div>
</div>",1
"Homepage Section Content 1 V3","section_content1_v3","<div class=\"module-split col-xs-12\">
    <div class=\"col-xs-12 col-sm-4 col-sm-push-3 topmargin\" data-aos=\"fade-up\" data-aos-duration=\"3000\">
        <a href=\"#\"><img src=\"{{media url=\" wysiwyg/pearl_theme/c1.jpeg \"}}\" width=\"100%\"></a>
    </div>
    <div class=\"col-xs-12 col-sm-5 col-sm-push-2\" style=\"margin-top: 15%;\">
        <h3>Denim upgrades</h3>
        <p>Feeling blue? Get your denim boost from head to toe with our indigo essentials. We're painting the day cerulean with new lace-ups in drapey silhouettes, bleach-spotted denims, and workwear detailed trucker jackets.</p>
        <span><a href=\"#\"><i class=\"icon-line2-handbag handbag-v3\"></i>Shop Denim Essentials</a></span>
    </div>
</div>",1
"Homepage Section Content 2 V3","section_content2_v3","<div class=\"module-split col-xs-12\">
    <div class=\"col-xs-12 col-sm-4 col-sm-push-2 topmargin\">
        <a href=\"#\"><img src=\"{{media url=\" wysiwyg/pearl_theme/c2.jpeg \"}}\" width=\"100%\"></a>
    </div>
    <div class=\"col-xs-12 col-sm-4 col-sm-push-5 position-absolute\" style=\"margin-top: 5%;\">
        <h3>Craft your style</h3>
        <p>This season, denim crafting is done under a dome of stars.</span>
    </div>
    <div class=\"col-xs-12 col-sm-3 col-sm-push-3\" style=\"margin-top: 11%;padding: 1.5%;background: #ffe8e8;\">
        <a href=\"#\"><img src=\"{{media url=\" wysiwyg/pearl_theme/c6.jpeg \"}}\" width=\"100%\"></a>
    </div>
</div>
",1
"Homepage Section Content 3 V3","section_content3_v3","<div class=\"module-split col-xs-12\">
    <div class=\"col-xs-12 col-sm-10\" style=\"margin: 5%;padding: 5% 5% 5% 7%;background: #fff8ee;\">
        <a href=\"#\"><img src=\"{{media url=\" wysiwyg/pearl_theme/c7.jpeg \"}}\" width=\"100%\"></a>
    </div>
    <div class=\"col-xs-12 col-sm-5 col-sm-push-7\" style=\"margin-top: -17%;\">
        <h3 class=\"summer-denim\">Summer Denim</h3>
        <p class=\"premium-p\">Premium high-waist straight jean cut in a classic slouchy 'mom' fit</p>
        <span><a href=\"#\"><i class=\"icon-line2-handbag handbag-v3\"></i>Shop Denim Essentials</a></span>
    </div>
</div>",1
"Homepage Section Content 4 V3","section_content4_v3","<div class=\"module-split col-xs-12\">
    <div class=\"col-xs-12 col-sm-5 col-sm-push-2\" style=\"margin-top: 15%; z-index: 1000;\">
        <h3>Season Story</h3>
        <p>From fresh indigo canvas to finished strokes.</p>
        <span><a href=\"#\">Shop Now</a></span>
    </div>
    <div class=\"col-xs-12 col-sm-7 col-sm-push-2 topmargin bottommargin\">
        <a href=\"#\"><img src=\"{{media url=\" wysiwyg/pearl_theme/c3.jpeg \"}}\" width=\"100%\"></a>
    </div>
    <div class=\"col-xs-12 col-sm-4 position-absolute\" style=\"margin-top: 34%;margin-left: 39%;padding: 2%;background: #000;\">
        <a href=\"#\"><img src=\"{{media url=\" wysiwyg/pearl_theme/c4.jpeg \"}}\" width=\"100%\"></a>
    </div>
    <div class=\"col-xs-12 col-sm-4 position-absolute\" style=\"margin-top: 39%;padding: 2%;background: #ffe8e8;margin-left: -4%;\">
        <a href=\"#\"><img src=\"{{media url=\" wysiwyg/pearl_theme/c5.jpeg \"}}\" width=\"100%\"></a>
    </div>
</div>",1
"Homepage Parralax Section 1 V4","parralax_section1_v4","<div class=\"section parallax nomargin notopborder\" style=\"background-image: url('{{media url=\" wysiwyg/pearl_theme/d19.jpg \"}}'); padding: 10% 0;\" data-stellar-background-ratio=\"0.3\">

    <img src=\"{{media url=\" wysiwyg/pearl_theme/d1b.png \"}}\" class=\"img-block\" style=\"margin: 0 auto;\">
</div>",1
"Homepage Title Custom V4","title_custom_v4","<div class=\"col-xs-12 col-sm-7 col-sm-push-2\">
    <div class=\"heading-title\" style=\"margin:15% 0\">
        <h2>PEARL IS A HIGH-END FASHION <br>BRAND FOUNDED IN 2014 WITH <br>STORES IN NYC, LA, AND BERLIN.</h2>
    </div>
</div>",1
"Homepage Parralax Section 2 V4","parralax_section2_v4","<div class=\"section parallax\" style=\"background-image: url('{{media url=\" wysiwyg/pearl_theme/d18.jpg \"}}'); padding: 25% 0;\" data-stellar-background-ratio=\"0.5\">
</div>",1
"Homepage Current Collection V4","current_collection_v4","<div class=\"col-xs-12 col-sm-9 col-sm-push-2\">
    <div class=\"heading-title\" style=\"
    margin: 15% 0;
\">
        <h2>SS2016</h2>
        <span>Current Collection</span>
        <p>With climate change upon us, it?s vital to prepare environmentally conscious fashion that
            <br>can adapt to the mercurial weather. I present to you, my Spring collection of 2016.</p>
    </div>
</div>",1
"Homepage Promo V4","homepage_promo_v4","<div class=\"clearfix topmargin bottommargin\">

    <div class=\"col-xs-12 col-sm-8\">
        <div class=\"promo\">
            <div class=\"promo-image\">
                <a href=\"\">
                    <img src=\"{{media url=\" wysiwyg/pearl_theme/d13.jpg \"}}\" alt=\"\" />
                    <div class=\"promo-overlay upper\"></div>
                    <div class=\"title-v2\" style=\"text-align: right; \">Floral Summer
                        <span>Shop dresses</span>
                    </div>
                </a>
            </div>
        </div>

    </div>

    <div class=\"col-xs-12 col-sm-4\">
        <div class=\"promo\">
            <div class=\"promo-image\">
                <a href=\"\">
                    <img src=\"{{media url=\" wysiwyg/pearl_theme/d15.jpg \"}}\" alt=\"\" />
                    <div class=\"promo-overlay upper\"></div>
                    <div class=\"title-v2\" style=\"bottom: 13%;\">Black
                        <span>Shop Skirts</span>
                    </div>
                </a>
            </div>
        </div>
    </div>

    <div class=\"col-xs-12 col-sm-4\" style=\"margin-top: 40px;\">
        <div class=\"promo\">
            <div class=\"promo-image\">
                <a href=\"\">
                    <img src=\"{{media url=\" wysiwyg/pearl_theme/d5.jpg \"}}\" alt=\"\" />
                    <div class=\"promo-overlay upper\"></div>
                    <div class=\"title-v2\" style=\"bottom: 20%;\">Summer Stunners
                        <span>Shop Dresses</span>
                    </div>
                </a>
            </div>
        </div>
    </div>

</div>

<div class=\"clearfix topmargin bottommargin\">

    <div class=\"col-xs-12 col-sm-4\">
        <div class=\"col-xs-12\">
            <div class=\"promo\">
                <div class=\"promo-image\">
                    <a href=\"\">
                        <img src=\"{{media url=\" wysiwyg/pearl_theme/d8.jpg \"}}\" alt=\"\" />
                        <div class=\"promo-overlay upper\"></div>
                        <div class=\"title-v2\" style=\"bottom: 30%;\">Cocktail
                            <span>Shop Dresses</span>
                        </div>
                    </a>
                </div>
            </div>
        </div>

        <div class=\"col-xs-12\" style=\"margin-top: 40px;\">
            <div class=\"promo\">
                <div class=\"promo-image\">
                    <a href=\"\">
                        <img src=\"{{media url=\" wysiwyg/pearl_theme/d3.jpg \"}}\" alt=\"\" />
                        <div class=\"promo-overlay upper\"></div>
                        <div class=\"title-v2\" style=\"top: 5%; text-align: right;\">Floral
                            <span>Shop skirts</span>
                        </div>
                    </a>
                </div>
            </div>
        </div>
    </div>

    <div class=\"col-xs-12 col-sm-8\">
        <div class=\"promo\">
            <div class=\"promo-image\">
                <a href=\"\">
                    <img src=\"{{media url=\" wysiwyg/pearl_theme/d6.jpg \"}}\" alt=\"\" />
                    <div class=\"promo-overlay upper\"></div>
                    <div class=\"title-v2\" style=\"bottom: 78%;\">Casual outfit
                        <span>Shop Shirts</span>
                    </div>
                </a>
            </div>
        </div>
    </div>

</div>",1
"Homepage Parralax Section 3 V4","parralax_section3_v4","<div class=\"section parallax\" style=\"background-image: url('{{media url=\" wysiwyg/pearl_theme/d20.jpg \"}}'); padding: 25% 0;\" data-stellar-background-ratio=\"0.5\">
</div>",1
"Homepage Promo 2 V4","homepage_promo2_v4","<div class=\"clearfix topmargin bottommargin\">

    <div class=\"col-xs-12 col-sm-8\">
        <div class=\"promo\">
            <div class=\"promo-image\">
                <a href=\"\">
                    <img src=\"{{media url=\" wysiwyg/pearl_theme/d9.jpg \"}}\" alt=\"\" />
                    <div class=\"promo-overlay upper\"></div>
                    <div class=\"title-v2\" style=\"bottom: 70%; \">Black and White
                        <span>Shop Dresses</span>
                    </div>
                </a>
            </div>
        </div>
    </div>

    <div class=\"col-xs-12 col-sm-4\">
        <div class=\"promo\">
            <div class=\"promo-image\">
                <a href=\"\">
                    <img src=\"{{media url=\" wysiwyg/pearl_theme/d14.jpg \"}}\" alt=\"\" />
                    <div class=\"promo-overlay upper\"></div>
                    <div class=\"title-v2\" style=\"bottom: 20%\" ;>Fresh
                        <span>Shop Dresses</span>
                    </div>
                </a>
            </div>
        </div>
    </div>

    <div class=\"col-xs-12 col-sm-4\" style=\"margin-top: 40px;\">
        <div class=\"promo\">
            <div class=\"promo-image\">
                <a href=\"\">
                    <img src=\"{{media url=\" wysiwyg/pearl_theme/d16.jpg \"}}\" alt=\"\" />
                    <div class=\"promo-overlay upper\"></div>
                    <div class=\"title-v2\" style=\"top: 0%;text-align: right;\">Beach
                        <span>Shop Tops</span>
                    </div>
                </a>
            </div>
        </div>
    </div>
</div>",1
"Homepage Section Content 1 V5","section_content1_v5","<div class=\"row nomargin row-same-height\">
        <div class=\"image-wrapper-1 box-content-1 col-md-4 col-sm-12 col-xs-12 nopadding paddingright paddingbottom box-content valign-parent \">
            <img class=\"bg-img\" src=\"{{media url=\" wysiwyg/pearl_theme/section-1.jpg \"}}\" alt=\"\" />
        </div>
        <div class=\"box-content-2 col-md-8 col-sm-12 col-xs-12 nopadding paddingleft paddingbottom paddingright box-content valign-parent\">
            <div class=\"subtitle\">
                <h4>Fashion for Spring</h4>
            </div>
            <div>
                {{widget type=\"Magento\\CatalogWidget\\Block\\Product\\ProductsList\" products_count=\"6\" template=\"product/widget/content/grid_v5.phtml\" conditions_encoded=\"{{widget_condition_1}}\"}}
            </div>
        </div>
    </div>",1
"Homepage Our Story V5","our_story_v5"," <div class=\"row nomargin\">
        <div class=\"min-height-content content-green-dark col-md-4 col-sm-12 col-xs-12 nopadding paddingright paddingbottom box-content valign-parent \">
            <div data-target=\"#box-1\" class=\"hcaption\" cap-effect=\"fade\" cap-overlay_bg=\"rgba(0, 131, 192, 0.7)\">
                <div class=\"pad-bottom-lg pad-top-lg green-title\">
                    OUR STORY
                </div>
            </div>
        </div>
        <div class=\"min-height-content content-green-light  col-md-8 col-sm-12 col-xs-12 nopadding paddingleft paddingbottom paddingright box-content valign-parent\">
            <div class=\"pad-bottom-lg pad-top-lg page-small-width\">
                <p>Lorem ipsum dolor sit amet, consectetur adipiscing elit. Cras
                    <br /> tempus nulla quis magna accumsan iaculis non vitae mi.
                    <br>Fusce lacus nunc, feugiat ac sodales et, bibendum id orci. </p><a href=\"#\">SHOP NOW -&gt;</a>
            </div>
        </div>
    </div>",1
"Homepage Section Content 2 V5","section_content2_v5","<div class=\"row nomargin row-same-height\">
        <div class=\"box-content-2 col-md-8 col-sm-12 col-xs-12 nopadding paddingleft paddingbottom paddingright box-content valign-parent\">
            <div class=\"subtitle\">
                <h4>Fashion for Spring</h4>
            </div>
            <div>
                {{widget type=\"Magento\\CatalogWidget\\Block\\Product\\ProductsList\" products_count=\"6\" template=\"product/widget/content/grid_v5.phtml\" conditions_encoded=\"{{widget_condition_2}}\"}}
            </div>
        </div>
        <div class=\"image-wrapper-2 box-content-1 col-md-4 col-sm-12 col-xs-12 nopadding paddingright paddingbottom box-content valign-parent \">
            <img class=\"bg-img\" src=\"{{media url=\" wysiwyg/pearl_theme/section-2.jpg \"}}\" alt=\"\" />
        </div>
    </div>",1
"Homepage Special Offer V5","special_offer_v5"," <div class=\"row nomargin\">
        <div class=\"min-height-content content-opengreen-light  col-md-8 col-sm-12 col-xs-12 nopadding paddingleft paddingbottom paddingright box-content valign-parent\">
            <div class=\"pad-bottom-lg  page-small-width nopadd\">
                <h4>Stylish Designer Clothing</h4>
                <p>
                    Lorem ipsum dolor sit amet, consectetur adipiscing elit. Cras
                    <br> tempus nulla quis magna accumsan iaculis non vitae
                    <br> mi. Nam ac consectetur purus, ut scelerisque turpis.
                </p>
                <a href=\"#\">SHOP NOW -&gt;</a>
            </div>
        </div>
        <div class=\"min-height-content content-opengreen-dark col-md-4 col-sm-12 col-xs-12 nopadding paddingright paddingbottom box-content valign-parent \">
            <div data-target=\"#box-1\" class=\"hcaption\" cap-effect=\"fade\" cap-overlay_bg=\"rgba(0, 131, 192, 0.7)\">
                <div class=\"pad-bottom-lg pad-top-lg green-title\">
                    SPECIAL OFFER
                </div>
            </div>
        </div>
    </div>",1
"Homepage Section Content 3 V5","section_content3_v5","<div class=\"row nomargin row-same-height\">
        <div class=\"image-wrapper-3 box-content-1 col-md-4 col-sm-12 col-xs-12 nopadding paddingright paddingbottom box-content valign-parent \">
            <img class=\"bg-img\" src=\"{{media url=\" wysiwyg/pearl_theme/section-3.jpg \"}}\" alt=\"\" />
        </div>
        <div class=\"box-content-2 col-md-8 col-sm-12 col-xs-12 nopadding paddingleft paddingbottom paddingright box-content valign-parent\">
            <div class=\"subtitle\">
                <h4>Fashion for Spring</h4>
            </div>
            <div>
                {{widget type=\"Magento\\CatalogWidget\\Block\\Product\\ProductsList\" products_count=\"6\" template=\"product/widget/content/grid_v5.phtml\" conditions_encoded=\"{{widget_condition_1}}\"}}
            </div>
        </div>
    </div>",1
"Homepage Custom Block V5","custom_block_v5","<div class=\"row nomargin\">
        <div class=\"min-height-content content-blue-dark col-md-4 col-sm-12 col-xs-12 nopadding paddingright paddingbottom box-content valign-parent \">
            <div data-target=\"#box-1\" class=\"hcaption\" cap-effect=\"fade\" cap-overlay_bg=\"rgba(0, 131, 192, 0.7)\">
                <div class=\"pad-bottom-lg pad-top-lg green-title\">
                    CUSTOM BLOCK
                </div>
            </div>
        </div>
        <div class=\"min-height-content content-blue-light col-md-8 col-sm-12 col-xs-12 nopadding paddingleft paddingbottom paddingright box-content valign-parent\">
            <div class=\"pad-bottom-lg pad-top-lg page-small-width\">
                <p>Lorem ipsum dolor sit amet, consectetur adipiscing elit. Cras tempus nulla quis magna accumsan iaculis non vitae mi. Nam ac consectetur purus, ut scelerisque turpis. Ut id nulla cursus, convallis leo eu, placerat ipsum. Fusce lacus nunc, feugiat ac sodales et, bibendum id orci. </p>
                <a href=\"\">SALE UP TO 50% -&gt;</a>
            </div>
        </div>
    </div>",1
"Homepage Shipping Return V5","shipping_return_v5","<div class=\"grey-background\">
        <div class=\"row\">
            <div class=\"col-xs-10 col-xs-offset-1 col-md-offset-0 col-md-6 col-sm-offset-3 col-sm-6\">
                <div class=\"flip-box\">
                    <div class=\"flip-box-before\">free shipping</div>
                    <div class=\"flip-box-after\">on all orders over $100</div>
                </div>
            </div>
            <div class=\"col-xs-10 col-xs-offset-1 col-md-offset-0 col-md-6 col-sm-offset-3 col-sm-6\">
                <div class=\"flip-box\">
                    <div class=\"flip-box-before\">free return</div>
                    <div class=\"flip-box-after\">free 90 days return</div>
                </div>
            </div>
        </div>
    </div>",1
"Homepage Limited Edition V7","limited_edition_v7"," <div id=\"box-content-1\" class=\"col-md-4 col-sm-12 col-xs-12 nopadding paddingright paddingbottom box-content valign-parent \">
                <div data-target=\"#box-1\" class=\"hcaption\" cap-effect=\"fade\" cap-overlay_bg=\"rgba(0, 131, 192, 0.7)\">
                    <div class=\"image-wrapper\">
                        <img src=\"{{media url=\" wysiwyg/pearl_theme/img-box-1.jpg \"}}\" alt=\"\" />
                    </div>
                    <div class=\"content-wrapper visible center valign-child\">
                        <p>LIMITED EDITION</p>
                        <h4>Cashmere</h4>
                        <p class=\"price\">Starting from $29.00</p>
                    </div>
                </div>
                <div id=\"box-1\" class=\"caption-wrapper\">
                    <div class=\"center valign-child\">
                        <a href=\"{{store url=\" men/tops-men/hoodies-and-sweatshirts-men.html \"}}\" class=\"button shop-now\">Men</a>
                        <a href=\"{{store url=\" women/tops-women/hoodies-and-sweatshirts-women.html \"}}\" class=\"button shop-now\">Women</a>
                    </div>
                </div>
            </div>",1
"Homepage Soft Collection V7","soft_collection_v7","<div id=\"box-content-2\" class=\"col-md-8 col-sm-12 col-xs-12 nopadding paddingleft paddingbottom paddingright box-content valign-parent\">
                <div data-target=\"#box-2\" class=\"hcaption\" cap-effect=\"fade\" cap-overlay_bg=\"rgba(0, 131, 192, 0.7)\">
                    <div class=\"image-wrapper\">
                        <img src=\"{{media url=\" wysiwyg/pearl_theme/img-box-3.jpg \"}}\" alt=\"\" />
                    </div>
                    <div class=\"content-wrapper visible center valign-child\">
                        <p>SOFT COLLECTION</p>
                        <h4>Organic Cotton</h4>
                        <p class=\"price\">Tops from $49.00</p>
                    </div>
                </div>
                <div id=\"box-2\" class=\"caption-wrapper\">
                    <div class=\"center valign-child\">
                        <a href=\"{{store url=\" men/tops-men/hoodies-and-sweatshirts-men.html \"}}\" class=\"button shop-now\">Men</a>
                        <a href=\"{{store url=\" women/tops-women/hoodies-and-sweatshirts-women.html \"}}\" class=\"button shop-now\">Women</a>
                    </div>
                </div>
            </div>",1
"Homepage Category Left V7","category_left_v7","<div id=\"box-content-3\" class=\"col-md-4 col-sm-6 col-xs-12 nopadding paddingright paddingtop box-content valign-parent\">
                <div data-target=\"#box-3\" class=\"hcaption\" cap-effect=\"fade\" cap-overlay_bg=\"rgba(0, 131, 192, 0.7)\">
                    <div class=\"image-wrapper\">
                        <img src=\"{{media url=\" wysiwyg/pearl_theme/img-box-2.jpg \"}}\" alt=\"\" />
                    </div>
                    <div class=\"content-wrapper visible center valign-child\">
                        <p>FASCINATING COLORS</p>
                        <h4>Dresses</h4>
                        <p class=\"price\">Starting from $39.00</p>
                    </div>
                </div>
                <div id=\"box-3\" class=\"caption-wrapper\">
                    <div class=\"center valign-child\">
                        <a href=\"{{store url=\" men/tops-men/hoodies-and-sweatshirts-men.html \"}}\" class=\"button shop-now\">Men</a>
                        <a href=\"{{store url=\" women/tops-women/hoodies-and-sweatshirts-women.html \"}}\" class=\"button shop-now\">Women</a>
                    </div>
                </div>
            </div>",1
"Homepage Category Right Top V7","category_right_top_v7","<div class=\"row\">
                    <div id=\"box-content-4\" class=\"col-md-6 col-sm-12 col-xs-12 nopadding paddingtop paddingbottom paddingleft paddingright box-content\">
                        <a href=\"{{store url=\" women/tops-women/hoodies-and-sweatshirts-women.html \"}}\" class=\"center button-block\">WOMEN</a>
                        <a href=\"{{store url=\" men/tops-men/hoodies-and-sweatshirts-men.html \"}}\" class=\"center button-block\">MEN</a>
                        <a href=\"{{store url=\" men/tops-men/hoodies-and-sweatshirts-men.html \"}}\" class=\"center button-block\">SALE 70% OFF</a>
                    </div>
                    <div id=\"box-content-5\" class=\"col-md-6 col-sm-12 col-xs-12 nopadding paddingtop paddingbottom paddingleft paddingright box-content valign-parent\">
                        <div data-target=\"#box-5\" class=\"hcaption\" cap-effect=\"fade\" cap-overlay_bg=\"rgba(0, 131, 192, 0.7)\">
                            <div class=\"image-wrapper\">
                                <img src=\"{{media url=\" wysiwyg/pearl_theme/img-box-5.jpg \"}}\" alt=\"\" />
                            </div>
                            <div class=\"content-wrapper visible center valign-child\">
                                <p>LIGHTWEIGHT</p>
                                <h4>Basics</h4>
                                <p class=\"price\">Starting from $19.00</p>
                            </div>
                        </div>
                        <div id=\"box-5\" class=\"caption-wrapper\">
                            <div class=\"center valign-child\">
                                <a href=\"{{store url=\" men/tops-men/hoodies-and-sweatshirts-men.html \"}}\" class=\"button shop-now\">Men</a>
                                <a href=\"{{store url=\" women/tops-women/hoodies-and-sweatshirts-women.html \"}}\" class=\"button shop-now\">Women</a>
                            </div>
                        </div>
                    </div>
                </div>",1
"Homepage Category Right Bottom V7","category_right_bottom_v7","<div class=\"row visible-md visible-lg\">
                    <div id=\"box-content-6\" class=\"col-md-6 nopadding paddingtop paddingright paddingleft box-content valign-parent\">
                        <div data-target=\"#box-6\" class=\"hcaption\" cap-effect=\"fade\" cap-overlay_bg=\"rgba(0, 131, 192, 0.7)\">
                            <div class=\"image-wrapper\">
                                <img src=\"{{media url=\" wysiwyg/pearl_theme/img-box-6.jpg \"}}\" alt=\"\" />
                            </div>
                            <div class=\"content-wrapper visible center valign-child\">
                                <p>PERSONAL TAILOR</p>
                                <h4>Perfect Fit</h4>
                                <p class=\"price\">Starting from $99.00</p>
                            </div>
                        </div>
                        <div id=\"box-6\" class=\"caption-wrapper\">
                            <div class=\"center valign-child\">
                                <a href=\"{{store url=\" men/tops-men/hoodies-and-sweatshirts-men.html \"}}\" class=\"button shop-now\">Men</a>
                                <a href=\"{{store url=\" women/tops-men/hoodies-and-sweatshirts-women.html \"}}\" class=\"button shop-now\">Women</a>
                            </div>
                        </div>
                    </div>

                    <div id=\"box-content-7\" class=\"col-md-6 nopadding paddingtop paddingright paddingleft box-content valign-parent\">
                        <div data-target=\"#box-7\" class=\"hcaption\" cap-effect=\"fade\" cap-overlay_bg=\"rgba(0, 131, 192, 0.7)\">
                            <div class=\"image-wrapper\">
                                <img src=\"{{media url=\" wysiwyg/pearl_theme/img-box-7.jpg \"}}\" alt=\"\" />
                            </div>
                            <div class=\"content-wrapper visible center valign-child\">
                                <p>EVERLASTING ELEGANCE</p>
                                <h4>Shirts</h4>
                                <p class=\"price\">Starting from $99.00</p>
                            </div>
                        </div>
                        <div id=\"box-7\" class=\"caption-wrapper\">
                            <div class=\"center valign-child\">
                                <a href=\"{{store url=\" men/tops-men/hoodies-and-sweatshirts-men.html \"}}\" class=\"button shop-now\">Men</a>
                                <a href=\"{{store url=\" women/tops-women/hoodies-and-sweatshirts-women.html \"}}\" class=\"button shop-now\">Women</a>
                            </div>
                        </div>
                    </div>

                </div>",1
"Homepage New Style V7","new_style_v7","<!-- these two columns are duplicate of last two columns above -->
            <div id=\"box-content-61\" class=\"col-sm-6 col-xs-12 nopadding paddingtop paddingright paddingleft box-content valign-parent\">
                <div data-target=\"#box-61\" class=\"hcaption\" cap-effect=\"fade\" cap-overlay_bg=\"rgba(0, 131, 192, 0.7)\">
                    <div class=\"image-wrapper\">
                        <img src=\"{{media url=\" wysiwyg/pearl_theme/img-box-6.jpg \"}}\" alt=\"\" />
                    </div>
                    <div class=\"content-wrapper visible center valign-child\">
                        <p>NEW STYLES</p>
                        <h4>Cashmere</h4>
                        <p class=\"price\">Tops from $99.00</p>
                    </div>
                </div>
                <div id=\"box-61\" class=\"caption-wrapper\">
                    <div class=\"center valign-child\">
                        <a href=\"{{store url=\" men/tops-men/hoodies-and-sweatshirts-men.html \"}}\" class=\"button shop-now\">Men</a>
                        <a href=\"{{store url=\" women/tops-men/hoodies-and-sweatshirts-women.html \"}}\" class=\"button shop-now\">Women</a>
                    </div>
                </div>
            </div>",1
"Homepage New Style 2 V7","new_style2_v7","<div id=\"box-content-71\" class=\"col-sm-6 col-xs-12 nopadding paddingtop paddingright paddingleft box-content valign-parent\">
                <div data-target=\"#box-71\" class=\"hcaption\" cap-effect=\"fade\" cap-overlay_bg=\"rgba(0, 131, 192, 0.7)\">
                    <div class=\"image-wrapper\">
                        <img src=\"{{media url=\" wysiwyg/pearl_theme/img-box-7.jpg \"}}\" alt=\"\" />
                    </div>
                    <div class=\"content-wrapper visible center valign-child\">
                        <p>NEW STYLES</p>
                        <h4>Cashmere</h4>
                        <p class=\"price\">Tops from $99.00</p>
                    </div>
                </div>
                <div id=\"box-71\" class=\"caption-wrapper\">
                    <div class=\"center valign-child\">
                        <a href=\"{{store url=\" men/tops-men/hoodies-sweatshirts.html \"}}\" class=\"button shop-now\">Men</a>
                        <a href=\"{{store url=\" women/tops-men/hoodies-sweatshirts.html \"}}\" class=\"button shop-now\">Women</a>
                    </div>
                </div>
            </div>",1
"Homepage New Product V8","new_product_v8","<div class=\"wrapper-top-slider \">
        <div class=\"row\">{{widget type=\"WeltPixel\\OwlCarouselSlider\\Block\\Slider\\Products\" products_type=\"new_products\"}}</div>
    </div>",1
"Homepage Latest Product V8","latest_product_v8","<h3 class=\"title-v8\">Latest Product</h3>
    <div class=\"catalog-product-v8\">{{widget type=\"Magento\\CatalogWidget\\Block\\Product\\ProductsList\" products_count=\"8\" template=\"product/widget/content/grid_v8.phtml\" conditions_encoded=\"{{widget_condition_1}}\"}}</div>",1
"Homepage Shipping Return V8","shipping_return_v8","<div class=\"grey-background\">
        <div class=\"row\">
            <div class=\"col-xs-10 col-xs-offset-1 col-md-offset-0 col-md-6 col-sm-offset-3 col-sm-6\">
                <div class=\"flip-box\">
                    <div class=\"flip-box-before\">free shipping</div>
                    <div class=\"flip-box-after\">on all orders over $100</div>
                </div>
            </div>
            <div class=\"col-xs-10 col-xs-offset-1 col-md-offset-0 col-md-6 col-sm-offset-3 col-sm-6\">
                <div class=\"flip-box\">
                    <div class=\"flip-box-before\">free return</div>
                    <div class=\"flip-box-after\">free 90 days return</div>
                </div>
            </div>
        </div>
    </div>",1
"Homepage Collection 1 V9","collection1_v9","<div class=\"row equal equal_height equal_height_element margin-top-30-desktop\">
        <div class=\"col-md-9 col-xs-12 margin-top-30-mobile\">
            <div class=\"single-image\">
                <a href=\"{{store url=\" men/tops-men/hoodies-and-sweatshirts-men.html \"}}\"><img src=\"{{media url=\" wysiwyg/pearl_theme/chair.png \"}}\" alt=\"\" /></a>
            </div>
        </div>
        <div class=\"col-md-3 col-xs-12\">
            <div class=\"bg-lightgreen fill\">
                <div class=\"feature-icon-content v9-table\">
                    <div class=\"v9-coll\">
                        <div class=\"features-box-icon\">
                            <i class=\"icon-line2-credit-card icon-v9\"></i>
                        </div>
                        <h4 class=\"features-box-title\"><a href=\"#\">Chair collection</a></h4>
                    </div>
                </div>
            </div>
        </div>
    </div>",1
"Homepage Collection 2 V9","collection2_v9","<div class=\"row equal equal_height equal_height_element margin-top-30-desktop\">
        <div class=\"col-md-3 col-xs-12\">
            <div class=\"bg-wheat fill margin-top-30-mobile\">
                <div class=\"feature-icon-content v9-table\">
                    <div class=\"v9-coll\">
                        <div class=\"features-box-icon\">
                            <i class=\"icon-cube icon-v9\"></i>
                        </div>
                        <h4 class=\"features-box-title\"><a href=\"#\">Sofas collection</a></h4>
                    </div>
                </div>
            </div>
        </div>
        <div class=\"col-md-9 col-xs-12\">
            <div class=\"single-image margin-top-30-mobile\">
                <a href=\"{{store url=\" men/tops-men/hoodies-and-sweatshirts-men.html \"}}\"><img src=\"{{media url=\" wysiwyg/pearl_theme/sofa.jpg \"}}\" alt=\"\" /></a>
            </div>
        </div>
    </div>",1
"Homepage Collection 3 V9","collection3_v9","<div class=\"row equal equal_height equal_height_element margin-top-30-desktop\">
        <div class=\"col-md-9 col-xs-12\">
            <div class=\"single-image\">
                <a href=\"{{store url=\" men/tops-men/hoodies-and-sweatshirts-men.html \"}}\"><img src=\"{{media url=\" wysiwyg/pearl_theme/table.jpg \"}}\" alt=\"\" /></a>
            </div>
        </div>
        <div class=\"col-md-3 col-xs-12\">
            <div class=\"bg-sky fill\">
                <div class=\"feature-icon-content v9-table\">
                    <div class=\"v9-coll\">
                        <div class=\"features-box-icon\">
                            <i class=\"icon-coffee2 icon-v9\"></i>
                        </div>
                        <h4 class=\"features-box-title\"><a href=\"#\">Table collection</a></h4>
                    </div>
                </div>
            </div>
        </div>
    </div>",1
"Homepage Collection 4 V9","collection4_v9","<div class=\"row equal equal_height equal_height_element margin-top-30-desktop\">
        <div class=\"col-md-3 col-xs-12\">
            <div class=\"bg-coral fill margin-top-30-mobile\">
                <div class=\"feature-icon-content v9-table\">
                    <div class=\"v9-coll\">
                        <div class=\"features-box-icon\">
                            <i class=\"icon-lightbulb icon-v9\"></i>
                        </div>
                        <h4 class=\"features-box-title\"><a href=\"#\">Lighting collection</a></h4>
                    </div>
                </div>
            </div>
        </div>
        <div class=\"col-md-9 col-xs-12\">
            <div class=\"single-image margin-top-30-mobile\">
                <a href=\"{{store url=\" men/tops-men/hoodies-and-sweatshirts-men.html \"}}\"><img src=\"{{media url=\" wysiwyg/pearl_theme/light.jpg \"}}\" alt=\"\" /></a>
            </div>
        </div>
    </div>",1
"Homepage Shipping Return V9","shipping_return_v9"," <div class=\"grey-background\">
        <div class=\"row\">
            <div class=\"col-xs-10 col-xs-offset-1 col-md-offset-0 col-md-6 col-sm-offset-3 col-sm-6\">
                <div class=\"flip-box\">
                    <div class=\"flip-box-before\">free shipping</div>
                    <div class=\"flip-box-after\">on all orders over $100</div>
                </div>
            </div>
            <div class=\"col-xs-10 col-xs-offset-1 col-md-offset-0 col-md-6 col-sm-offset-3 col-sm-6\">
                <div class=\"flip-box\">
                    <div class=\"flip-box-before\">free return</div>
                    <div class=\"flip-box-after\">free 90 days return</div>
                </div>
            </div>
        </div>
    </div>",1
"Homepage Content 1 V10","content_v10","<div class=\"content-v10\">
    <div class=\"pd-mob\">
        <div class=\"row feature-row\">
            <div class=\"column text-feature\">
                <h2>Leather accessories</h2>
                <div class=\"featured-row__subtext\">
                    <p>We are very excited to introduce the Man Overboard kit: essentials for life on the go. Our goal was to create a beautiful set of leather goods that will be functional, simple and last a lifetime. We are making the whole kit available at a great price for purchase, along with each piece sold separately.</p>
                    <p>Made to last, we built our carry kit to be able to handle all of the strain inherent in constant transport and handling. The strength and durability of vegetable tanned leather, paired with solid brass hardware and YKK zippers make sure that our products not only look good, but will last a lifetime.</p>
                </div>
            </div>
            <div class=\"column feature-row__item\"><img class=\"feature-row__image\" src=\"{{media url=\" wysiwyg/pearl_theme/Accesories.jpg \"}}\" alt=\"\" /></div>
        </div>
    </div>
</div>",1
"Homepage Content 2 V10","content2_v10","<div class=\"content-v10\">
    <div class=\"pd-mob\">
        <div class=\"row feature-row\">
            <div class=\"column-product\"><img class=\"feature-row__image\" src=\"{{media url=\" wysiwyg/pearl_theme/ClassicLeatherWallet2.jpg \"}}\" alt=\"\" /></div>
            <div class=\"column-product descr-prod\">
                <h1 class=\"product-single_title\">CLASSIC LEATHER WALLET</h1>
                <p class=\"product-single-price\"><span class=\"old-price\">$74.95</span> <span class=\"regular-price\">$49.95 Sale</span></p>
                <a class=\"weltpixel-quickview action tocart primary\" href=\"javascript: void(0);\" data-quickview-url=\"{{store url=\" weltpixel_quickview/catalog_product/view/id/1 \"}}\">Buy Now</a>
                <p class=\"p1\"><em>This is a demonstration store.</em></p>
                <p class=\"p1\">A modern update to the classic bi-fold. It discreetly holds a full iPhone 7 charge for an emergency or minimalist travelers. Made from minimally treated, vegetable-tanned leather from one of America's oldest tanneries. This wallet is designed to beautifully patina with time, creating a handsome, rich leather wallet with a look that is uniquely yours.</p>
                <p class=\"p1\">Using full grain leather means that each of our pieces will be naturally unique. Rather than wearing out, it will develop a patina over time. Our leather will wear beautifully and only gets better with age.</p>
            </div>
        </div>
    </div>
</div>",1
"Homepage Content 3 Testimonial V10","content3_testimonial_v10","<div class=\"content-v10\">
    <div class=\"pd-mob\">
        <div class=\"row feature-row\">
            <div class=\"section-header\">
                <h2>Testimonials</h2>
            </div>
            <ul class=\"testimonials-grid grid-3 clearfix\">
                <li>
                    <div class=\"testimonial\">
                        <div class=\"testi-content\">
                            <p>Incidunt deleniti blanditiis quas aperiam recusandae consequatur ullam quibusdam cum libero!</p>
                            <div class=\"testi-meta\">John Doe</div>
                        </div>
                    </div>
                </li>
                <li>
                    <div class=\"testimonial\">
                        <div class=\"testi-content\">
                            <p>Natus voluptatum enim quod necessitatibus quis expedita harum provident eos obcaecati id culpa.</p>
                            <div class=\"testi-meta\">Collis Ta'eed</div>
                        </div>
                    </div>
                </li>
                <li>
                    <div class=\"testimonial\">
                        <div class=\"testi-content\">
                            <p>Fugit officia dolor sed harum excepturi ex iusto magnam asperiores molestiae qui natus obcaecati facere sint amet.</p>
                            <div class=\"testi-meta\">Mary Jane</div>
                        </div>
                    </div>
                </li>
            </ul>
        </div>
    </div>
</div>",1
"Homepage Content 4 V10","content4_v10","<div class=\"content-v10\">
    <div class=\"pd-mob\">
        <div class=\"col-sm-6 nopadding\">
            <div class=\"img-bar\">
                <div class=\"image-bar__content\"><img class=\"bg-img\" src=\"http://pearl.weltpixel.com/pub/media/wysiwyg/homepage-v10/tools1_800x475_crop_center.gif\" alt=\"\" /></div>
            </div>
        </div>
        <div class=\"col-sm-6 nopadding\">
            <div class=\"img-bar\">
                <div class=\"image-bar__content\"><img class=\"bg-img\" src=\"http://pearl.weltpixel.com/pub/media/wysiwyg/homepage-v10/chargergif2_2bff2bef-46b4-44bb-b033-6d90da3c3cea_800x475_crop_center.gif\" alt=\"\" /></div>
            </div>
        </div>
    </div>
</div>
",1
"Homepage Content 5 Shop Now V10","content5_shopnow_v10","<div class=\"content-v10\">
    <div class=\"row\">
        <div class=\"section-header\">
            <h2>Shop Now</h2>
        </div>
        {{widget type=\"Magento\\CatalogWidget\\Block\\Product\\ProductsList\" products_count=\"4\" template=\"product/widget/content/grid_v10.phtml\" conditions_encoded=\"{{widget_condition_1}}\"}}</div>
</div>",1
"Homepage Content 1 V11","content_v11","<div class=\"container-v11\">
    <div class=\"row table-order mg-first-element\">
        <div class=\"column home-promotion-text\">
            <h1 class=\"feature-title\">Single-Product Perfection</h1>
            <p>Pearl Theme is a modular solution designed also for single product stores. This homepage is a great way to showcase your product.</p>
            <a class=\"weltpixel-quickview action tocart primary\" href=\"#\">Get It Now</a>
        </div>
        <div class=\"column home-promotion-image\">
            <img src=\"{{media url=\" wysiwyg/pearl_theme/base-black.png \"}}\" alt=\"\" />
        </div>
    </div>
</div>",1
"Homepage Content 2 V11","content2_v11","<div class=\"container-v11\">
    <div class=\"col-sm-12 nopadding\">
        <div class=\"img-bar\">
            <img class=\"bg-img\" src=\"{{media url=\" wysiwyg/pearl_theme/Home-Quotes-2.jpg \"}}\" alt=\"\" />
            <div class=\"home-full-width-feature-content\">
                <div class=\"module-inner\">
                    <h1 class=\"feature-title\">Responsive &amp; Reliable</h1>
                    <div class=\"rte\">
                        <p>Pearl Theme is optimized to look flawless on any browser, screen, and device.</p>
                    </div>
                    <div class=\"home-module-cta mg-top\">
                        <a class=\"weltpixel-quickview action tocart primary\" href=\"#\">Check it Out</a>
                    </div>
                </div>
            </div>
        </div>
        <div class=\"overlay-blue\"></div>
    </div>
</div>",1
"Homepage Content 3 V11","content3_11","<div class=\"container-v11\">
    <div class=\"row nomarginmob\">
        <div class=\"module-inner\">
            <div class=\"home-left-right-media margin-top-section margin-top-section-mob\">
                <img class=\"box-img-1\" src=\"{{media url=\" wysiwyg/pearl_theme/hero_hardware_startframe_large_edit.jpg \"}}\" alt=\"\" />
            </div>
            <div class=\"home-left-right-text margin-top-section margin-bottom-section-mob\">
                <h1 class=\"feature-title\">The Perfect Layout</h1>
                <p>Alternating Features, like this one, let you showcase up to three full-width sections of images and text. Show off your product from multiple angles, tell the story of how it came to be, or introduce customers to your newest campaign.</p>
                <p>
                    <a href=\"#\" class=\"link-details\">See More</a>
                </p>
            </div>
        </div>
    </div>
    <div class=\"row nomarginmob\">
        <div class=\"module-inner table-order\">
            <div class=\"home-left-right-text margin-top-section margin-bottom-section margin-bottom-section-mob\">
                <h1 class=\"feature-title\">Attention to Detail</h1>
                <p>Alternating Features, like this one, let you showcase up to three full-width sections of images and text. Show off your product from multiple angles, tell the story of how it came to be, or introduce customers to your newest campaign.</p>
                <p>
                    <a href=\"#\" class=\"link-details\">Get It Now</a>
                </p>
            </div>
            <div class=\"home-left-right-media margin-top-section margin-bottom-section\">
                <img src=\"{{media url=\" wysiwyg/pearl_theme/base-white.png \"}}\" alt=\"\" />
            </div>
        </div>
    </div>
</div>",1
"Homepage Content 4 Testimonial V11","content4_testimonial_v11","<div class=\"container-v11\">
    <div class=\"bg-grey\">
        <div class=\"row nomarginmob\">
            <h1 class=\"section-title\">Testimonials</h1>
            <ul class=\"testimonials-grid grid-3 clearfix module-inner\">
                <li>
                    <div class=\"testimonial\">
                        <div class=\"testi-image\">
                            <a href=\"#\"><i class=\"i-plain i-xlarge icon-user\"></i></a>
                        </div>
                        <div class=\"testi-content\">
                            <p>Incidunt deleniti blanditiis quas aperiam recusandae consequatur ullam quibusdam cum libero illo rerum repellendus!</p>
                            <div class=\"testi-meta\">
                                John Doe
                                <span>XYZ Inc.</span>
                            </div>
                        </div>
                    </div>
                </li>
                <li>
                    <div class=\"testimonial\">
                        <div class=\"testi-image\">
                            <a href=\"#\"><i class=\"i-plain i-xlarge icon-user\"></i></a>
                        </div>
                        <div class=\"testi-content\">
                            <p>Natus voluptatum enim quod necessitatibus quis expedita harum provident eos obcaecati id culpa corporis molestias.</p>
                            <div class=\"testi-meta\">
                                Collis Ta'eed
                                <span>Envato Inc.</span>
                            </div>
                        </div>
                    </div>
                </li>
            </ul>
        </div>
    </div>
</div>",1
"Homepage Content 5 V11","content5_v11","<div class=\"container-v11\">
    <div class=\"row mg-top nomarginleft\">
        <div class=\"module-inner\">
            <div class=\"product-slideshow\">
                <img src=\"{{media url=\" wysiwyg/pearl_theme/base-purple.png \"}}\" alt=\"\" />
                </h2>
            </div>
            <div class=\"product-details\">
                <h2 class=\"product-title\">VOICE-ACTIVATED SPEAKER</h2>
                <p class=\"product-price\"><span>$119.00</span></p>
                <a class=\"weltpixel-quickview action tocart primary btn-tocart\" href=\"javascript: void(0);\" data-quickview-url=\"{{store url=\" weltpixel_quickview/catalog_product/view/id/1 \"}}\">Buy now</a>
                <div class=\"product-descr\">
                    <p class=\"p1\">This is your classic product description blurb. Lucky for you, there is no character limit, so feel free to give your customers all the nitty gritty details.&nbsp;This is just a demo shop, set up to show off our Startup theme for Shopify. If you're interested in the Snooz product for real, you can check it out&nbsp;</p>
                </div>
            </div>
        </div>
    </div>
</div>",1
"Homepage Content 6 V11","content6_v11","<div class=\"container-v11\">
    <div class=\"row nomarginmob\">
        <div class=\"module-inner\">
            {{widget type=\"WeltPixel\\InstagramWidget\\Block\\Widget\\Instagram\" instagram_client_id=\"ae53d26309844530a3ff8e821bc4aca6\" instagram_access_token=\"1127918776.ae53d26.5bc622b6abdb44e29ceaee72c4fe6d4e\" title=\"#YOUR PRODUCT ON INSTAGRAM\" description=\"Users using your product. Sharing comments with the world.\" images_per_row=\"col-6\" limit=\"6\" sort_by=\"none\" resolution=\"standard_resolution\" feed_type=\"tagged\" tag_name=\"pearltheme\"}}
        </div>
    </div>
</div>",1
